,WOOOOOOOO,Name,Mobile,WA Status ,Secondary Number,Email Id,City,Adress,State,Pincode,DOB,Pan Id,Annual Income,Payment Bank,Payment Mode,Type of Acc,District,Locality,Sum Insured,Plan Type,Proof Id,Proff2,Source,Organisation,Designation,valid
0,,DILIP PATHAK,919702035768.0,valid,,dilip@technocraftgroup.com,Mumbai,,,,,AVPPS5957E,800000.0,,,,OCB-Non Repatriable,,,,Passport,IT Return Copy,,,,Invalid
1,,BHAVYA SHETH,919702038382.0,valid,,vibhuti.sheth@gmail.com,Mumbai,,,,,AVZPP1364L,1789999.99999999,,,,OCB-Repatriable,,,,Passport,Bank Statement/Pass Book,,,,Valid
2,,Dwaraka Natha,919702039094.0,invalid,,dwarakanat@gmail.com,Mumbai,,,,,ACIPN5331P,1963000.0,,,,Body Corporate,,,,Credit Cards/Debit Cards,Passport,,,,Invalid
3,,ushajagdish ann,919702039678.0,valid,,ushashreeanne@yahoo.com,Mumbai,,,,,AEVPC4367F,1800000.0,,,,OTHER,,,,PAN Card,Bank Statement/Pass Book,,,,Valid
4,,Valaboju Padmav,919702040855.0,valid,,valaboju.padmavathi@adityabirla.com,Mumbai,,,,,BNRPG6750L,1210000.0,,,,Body Corporate,,,,Passport,IT Return Copy,,,,Invalid
5,,AMAR MISHRA,919702041814.0,invalid,,amarkmishra@yahoo.com,Mumbai,,,,,AHSPD4679H,730000.0,,,,HUF,,,,Credit Cards/Debit Cards,Ration Cards,,,,Invalid
6,,ADITYA VARDHAN,919702041840.0,valid,,basantsanjay@gmail.com,Mumbai,,,,,AAVPY7661G,750000.0,,,,Body Corporate,,,,Driving License,IT Return Copy,,,,Invalid
7,,SURUCHI GUPTA,919702044220.0,valid,,suruchi.gupta@adityabirla.com,Mumbai,,,,,APJPJ2775D,775000.0,,,,OTHER,,,,Voter ID Card,Bank Letter,,,,Invalid
8,,ANIL MEHTA,919702044550.0,invalid,,anilmehta123@hotmail.com,Mumbai,,,,,AYDPK0273E,915000.0,,,,Foreign Bodies,,,,Voter ID Card,Driving License,,,,Invalid
9,,AMITABH MAINDAL,919702044664.0,valid,,amaindalkar@rediffmail.com.com,Mumbai,,,,,ADBPG2094A,2400000.0,,,,Body Corporate,,,,Credit Cards/Debit Cards,Passport,,,,Invalid
10,,Bharati Dabholk,919702044824.0,valid,,ajit_dabholkar@hotmail.com,Mumbai,,,,,AVDPV3671Q,3260000.0,,,,Foreign Bodies,,,,Driving License,Bank Letter,,,,Invalid
11,,SHYAM LAKHANI,919702044882.0,valid,,shyamlakhani@gmail.com,Mumbai,,,,,AQEPB0555F,840000.0,,,,Body Corporate,,,,Driving License,Driving License,,,,Invalid
